means,start,std_errors
10568.7927,0,0.15964069
10569.3738,6,0.130029648
10569.4869,9,0.201403991
10569.7147,10,0.143334272
10569.4453,13,0.163247784
10569.0893,15,0.07275545
10569.0053,21,0.148060627
10569.6021,23,0.14003943
10569.8615,24,0.0822112636
10569.8134,29,0.0924708732
10569.2185,33,0.117216381
10569.5458,35,0.110747659
10569.0302,37,0.0739378351
10568.3166,41,0.0947642214
10567.457,44,0.10061998
10567.457,47,0.10061998
